{"probe_asn_count": {"v4": 6, "v6": 1}, "out_of_country_pct": {"v4": 32.14285714285714, "v6": null}, "routed_asn_count": 26, "out_of_country_country_pct": {"v4": [["KE", 14.285714285714286], ["ZA", 8.928571428571429], ["GB", 7.142857142857143], ["FR", 5.357142857142857], ["IT", 5.357142857142857], ["NL", 3.5714285714285716]], "v6": []}}