{"probe_asn_count": {"v4": 38, "v6": 17}, "out_of_country_pct": {"v4": 7.119971520113921, "v6": 37.134502923976605}, "routed_asn_count": 239, "out_of_country_country_pct": {"v4": [["SE", 3.346386614453542], ["NL", 2.1715913136347456], ["DE", 1.8155927376290495]], "v6": [["SE", 31.28654970760234], ["NL", 14.32748538011696], ["DE", 11.403508771929825]]}}